,GDP,TENYR
2018-10-01,20917.867,3.09
2018-10-02,20917.867,3.09
2018-10-03,20917.867,3.09
2018-10-04,20917.867,3.09
2018-10-05,20917.867,3.09
2018-10-06,20917.867,3.09
2018-10-07,20917.867,3.09
2018-10-08,20917.867,3.09
2018-10-09,20917.867,3.09
2018-10-10,20917.867,3.09
2018-10-11,20917.867,3.09
2018-10-12,20917.867,3.09
2018-10-13,20917.867,3.09
2018-10-14,20917.867,3.09
2018-10-15,20917.867,3.09
2018-10-16,20917.867,3.09
2018-10-17,20917.867,3.09
2018-10-18,20917.867,3.09
2018-10-19,20917.867,3.09
2018-10-20,20917.867,3.09
2018-10-21,20917.867,3.09
2018-10-22,20917.867,3.09
2018-10-23,20917.867,3.09
2018-10-24,20917.867,3.09
2018-10-25,20917.867,3.09
2018-10-26,20917.867,3.09
2018-10-27,20917.867,3.09
2018-10-28,20917.867,3.09
2018-10-29,20917.867,3.09
2018-10-30,20917.867,3.09
2018-10-31,20917.867,3.09
2018-11-01,20917.867,3.09
2018-11-02,20917.867,3.09
2018-11-03,20917.867,3.09
2018-11-04,20917.867,3.09
2018-11-05,20917.867,3.09
2018-11-06,20917.867,3.09
2018-11-07,20917.867,3.09
2018-11-08,20917.867,3.09
2018-11-09,20917.867,3.09
2018-11-10,20917.867,3.09
2018-11-11,20917.867,3.09
2018-11-12,20917.867,3.09
2018-11-13,20917.867,3.09
2018-11-14,20917.867,3.09
2018-11-15,20917.867,3.09
2018-11-16,20917.867,3.09
2018-11-17,20917.867,3.09
2018-11-18,20917.867,3.09
2018-11-19,20917.867,3.09
2018-11-20,20917.867,3.09
2018-11-21,20917.867,3.09
2018-11-22,20917.867,3.09
2018-11-23,20917.867,3.09
2018-11-24,20917.867,3.09
2018-11-25,20917.867,3.09
2018-11-26,20917.867,3.09
2018-11-27,20917.867,3.09
2018-11-28,20917.867,3.09
2018-11-29,20917.867,3.09
2018-11-30,20917.867,3.09
2018-12-01,20917.867,3.09
2018-12-02,20917.867,3.09
2018-12-03,20917.867,3.09
2018-12-04,20917.867,3.09
2018-12-05,20917.867,3.09
2018-12-06,20917.867,3.09
2018-12-07,20917.867,3.09
2018-12-08,20917.867,3.09
2018-12-09,20917.867,3.09
2018-12-10,20917.867,3.09
2018-12-11,20917.867,3.09
2018-12-12,20917.867,3.09
2018-12-13,20917.867,3.09
2018-12-14,20917.867,3.09
2018-12-15,20917.867,3.09
2018-12-16,20917.867,3.09
2018-12-17,20917.867,3.09
2018-12-18,20917.867,3.09
2018-12-19,20917.867,3.09
2018-12-20,20917.867,3.09
2018-12-21,20917.867,3.09
2018-12-22,20917.867,3.09
2018-12-23,20917.867,3.09
2018-12-24,20917.867,3.09
2018-12-25,20917.867,3.09
2018-12-26,20917.867,3.09
2018-12-27,20917.867,3.09
2018-12-28,20917.867,3.09
2018-12-29,20917.867,3.09
2018-12-30,20917.867,3.09
2018-12-31,20917.867,3.09
2019-01-01,21111.6,3.09
2019-01-02,21111.6,3.09
2019-01-03,21111.6,3.09
2019-01-04,21111.6,3.09
2019-01-05,21111.6,3.09
2019-01-06,21111.6,3.09
2019-01-07,21111.6,3.09
2019-01-08,21111.6,3.09
2019-01-09,21111.6,3.09
2019-01-10,21111.6,3.09
2019-01-11,21111.6,3.09
2019-01-12,21111.6,3.09
2019-01-13,21111.6,3.09
2019-01-14,21111.6,3.09
2019-01-15,21111.6,3.09
2019-01-16,21111.6,3.09
2019-01-17,21111.6,3.09
2019-01-18,21111.6,3.09
2019-01-19,21111.6,3.09
2019-01-20,21111.6,3.09
2019-01-21,21111.6,3.09
2019-01-22,21111.6,3.09
2019-01-23,21111.6,3.09
2019-01-24,21111.6,3.09
2019-01-25,21111.6,3.09
2019-01-26,21111.6,3.09
2019-01-27,21111.6,3.09
2019-01-28,21111.6,3.09
2019-01-29,21111.6,3.09
2019-01-30,21111.6,3.09
2019-01-31,21111.6,3.09
2019-02-01,21111.6,3.09
2019-02-02,21111.6,3.09
2019-02-03,21111.6,3.09
2019-02-04,21111.6,3.09
2019-02-05,21111.6,3.09
2019-02-06,21111.6,3.09
2019-02-07,21111.6,3.09
2019-02-08,21111.6,3.09
2019-02-09,21111.6,3.09
2019-02-10,21111.6,3.09
2019-02-11,21111.6,3.09
2019-02-12,21111.6,3.09
2019-02-13,21111.6,3.09
2019-02-14,21111.6,3.09
2019-02-15,21111.6,3.09
2019-02-16,21111.6,3.09
2019-02-17,21111.6,3.09
2019-02-18,21111.6,3.09
2019-02-19,21111.6,3.09
2019-02-20,21111.6,3.09
2019-02-21,21111.6,3.09
2019-02-22,21111.6,3.09
2019-02-23,21111.6,3.09
2019-02-24,21111.6,3.09
2019-02-25,21111.6,3.09
2019-02-26,21111.6,3.09
2019-02-27,21111.6,3.09
2019-02-28,21111.6,3.09
2019-03-01,21111.6,3.09
2019-03-02,21111.6,3.09
2019-03-03,21111.6,3.09
2019-03-04,21111.6,3.09
2019-03-05,21111.6,3.09
2019-03-06,21111.6,3.09
2019-03-07,21111.6,3.09
2019-03-08,21111.6,3.09
2019-03-09,21111.6,3.09
2019-03-10,21111.6,3.09
2019-03-11,21111.6,3.09
2019-03-12,21111.6,3.09
2019-03-13,21111.6,3.09
2019-03-14,21111.6,3.09
2019-03-15,21111.6,3.09
2019-03-16,21111.6,3.09
2019-03-17,21111.6,3.09
2019-03-18,21111.6,3.09
2019-03-19,21111.6,3.09
2019-03-20,21111.6,3.09
2019-03-21,21111.6,3.09
2019-03-22,21111.6,3.09
2019-03-23,21111.6,3.09
2019-03-24,21111.6,3.09
2019-03-25,21111.6,3.09
2019-03-26,21111.6,3.09
2019-03-27,21111.6,3.09
2019-03-28,21111.6,3.09
2019-03-29,21111.6,3.09
2019-03-30,21111.6,3.09
2019-03-31,21111.6,3.09
2019-04-01,21397.938,2.49
2019-04-02,21397.938,2.49
2019-04-03,21397.938,2.49
2019-04-04,21397.938,2.49
2019-04-05,21397.938,2.49
2019-04-06,21397.938,2.49
2019-04-07,21397.938,2.49
2019-04-08,21397.938,2.49
2019-04-09,21397.938,2.49
2019-04-10,21397.938,2.49
2019-04-11,21397.938,2.49
2019-04-12,21397.938,2.49
2019-04-13,21397.938,2.49
2019-04-14,21397.938,2.49
2019-04-15,21397.938,2.49
2019-04-16,21397.938,2.49
2019-04-17,21397.938,2.49
2019-04-18,21397.938,2.49
2019-04-19,21397.938,2.49
2019-04-20,21397.938,2.49
2019-04-21,21397.938,2.49
2019-04-22,21397.938,2.49
2019-04-23,21397.938,2.49
2019-04-24,21397.938,2.49
2019-04-25,21397.938,2.49
2019-04-26,21397.938,2.49
2019-04-27,21397.938,2.49
2019-04-28,21397.938,2.49
2019-04-29,21397.938,2.49
2019-04-30,21397.938,2.49
2019-05-01,21397.938,2.49
2019-05-02,21397.938,2.49
2019-05-03,21397.938,2.49
2019-05-04,21397.938,2.49
2019-05-05,21397.938,2.49
2019-05-06,21397.938,2.49
2019-05-07,21397.938,2.49
2019-05-08,21397.938,2.49
2019-05-09,21397.938,2.49
2019-05-10,21397.938,2.49
2019-05-11,21397.938,2.49
2019-05-12,21397.938,2.49
2019-05-13,21397.938,2.49
2019-05-14,21397.938,2.49
2019-05-15,21397.938,2.49
2019-05-16,21397.938,2.49
2019-05-17,21397.938,2.49
2019-05-18,21397.938,2.49
2019-05-19,21397.938,2.49
2019-05-20,21397.938,2.49
2019-05-21,21397.938,2.49
2019-05-22,21397.938,2.49
2019-05-23,21397.938,2.49
2019-05-24,21397.938,2.49
2019-05-25,21397.938,2.49
2019-05-26,21397.938,2.49
2019-05-27,21397.938,2.49
2019-05-28,21397.938,2.49
2019-05-29,21397.938,2.49
2019-05-30,21397.938,2.49
2019-05-31,21397.938,2.49
2019-06-01,21397.938,2.49
2019-06-02,21397.938,2.49
2019-06-03,21397.938,2.49
2019-06-04,21397.938,2.49
2019-06-05,21397.938,2.49
2019-06-06,21397.938,2.49
2019-06-07,21397.938,2.49
2019-06-08,21397.938,2.49
2019-06-09,21397.938,2.49
2019-06-10,21397.938,2.49
2019-06-11,21397.938,2.49
2019-06-12,21397.938,2.49
2019-06-13,21397.938,2.49
2019-06-14,21397.938,2.49
2019-06-15,21397.938,2.49
2019-06-16,21397.938,2.49
2019-06-17,21397.938,2.49
2019-06-18,21397.938,2.49
2019-06-19,21397.938,2.49
2019-06-20,21397.938,2.49
2019-06-21,21397.938,2.49
2019-06-22,21397.938,2.49
2019-06-23,21397.938,2.49
2019-06-24,21397.938,2.49
2019-06-25,21397.938,2.49
2019-06-26,21397.938,2.49
2019-06-27,21397.938,2.49
2019-06-28,21397.938,2.49
2019-06-29,21397.938,2.49
2019-06-30,21397.938,2.49
2019-07-01,21717.171,2.03
2019-07-02,21717.171,2.03
2019-07-03,21717.171,2.03
2019-07-04,21717.171,2.03
2019-07-05,21717.171,2.03
2019-07-06,21717.171,2.03
2019-07-07,21717.171,2.03
2019-07-08,21717.171,2.03
2019-07-09,21717.171,2.03
2019-07-10,21717.171,2.03
2019-07-11,21717.171,2.03
2019-07-12,21717.171,2.03
2019-07-13,21717.171,2.03
2019-07-14,21717.171,2.03
2019-07-15,21717.171,2.03
2019-07-16,21717.171,2.03
2019-07-17,21717.171,2.03
2019-07-18,21717.171,2.03
2019-07-19,21717.171,2.03
2019-07-20,21717.171,2.03
2019-07-21,21717.171,2.03
2019-07-22,21717.171,2.03
2019-07-23,21717.171,2.03
2019-07-24,21717.171,2.03
2019-07-25,21717.171,2.03
2019-07-26,21717.171,2.03
2019-07-27,21717.171,2.03
2019-07-28,21717.171,2.03
2019-07-29,21717.171,2.03
2019-07-30,21717.171,2.03
2019-07-31,21717.171,2.03
2019-08-01,21717.171,2.03
2019-08-02,21717.171,2.03
2019-08-03,21717.171,2.03
2019-08-04,21717.171,2.03
2019-08-05,21717.171,2.03
2019-08-06,21717.171,2.03
2019-08-07,21717.171,2.03
2019-08-08,21717.171,2.03
2019-08-09,21717.171,2.03
2019-08-10,21717.171,2.03
2019-08-11,21717.171,2.03
2019-08-12,21717.171,2.03
2019-08-13,21717.171,2.03
2019-08-14,21717.171,2.03
2019-08-15,21717.171,2.03
2019-08-16,21717.171,2.03
2019-08-17,21717.171,2.03
2019-08-18,21717.171,2.03
2019-08-19,21717.171,2.03
2019-08-20,21717.171,2.03
2019-08-21,21717.171,2.03
2019-08-22,21717.171,2.03
2019-08-23,21717.171,2.03
2019-08-24,21717.171,2.03
2019-08-25,21717.171,2.03
2019-08-26,21717.171,2.03
2019-08-27,21717.171,2.03
2019-08-28,21717.171,2.03
2019-08-29,21717.171,2.03
2019-08-30,21717.171,2.03
2019-08-31,21717.171,2.03
2019-09-01,21717.171,2.03
2019-09-02,21717.171,2.03
2019-09-03,21717.171,2.03
2019-09-04,21717.171,2.03
2019-09-05,21717.171,2.03
2019-09-06,21717.171,2.03
2019-09-07,21717.171,2.03
2019-09-08,21717.171,2.03
2019-09-09,21717.171,2.03
2019-09-10,21717.171,2.03
2019-09-11,21717.171,2.03
2019-09-12,21717.171,2.03
2019-09-13,21717.171,2.03
2019-09-14,21717.171,2.03
2019-09-15,21717.171,2.03
2019-09-16,21717.171,2.03
2019-09-17,21717.171,2.03
2019-09-18,21717.171,2.03
2019-09-19,21717.171,2.03
2019-09-20,21717.171,2.03
2019-09-21,21717.171,2.03
2019-09-22,21717.171,2.03
2019-09-23,21717.171,2.03
2019-09-24,21717.171,2.03
2019-09-25,21717.171,2.03
2019-09-26,21717.171,2.03
2019-09-27,21717.171,2.03
2019-09-28,21717.171,2.03
2019-09-29,21717.171,2.03
2019-09-30,21717.171,2.03
2019-10-01,21933.217,1.65
2019-10-02,21933.217,1.65
2019-10-03,21933.217,1.65
2019-10-04,21933.217,1.65
2019-10-05,21933.217,1.65
2019-10-06,21933.217,1.65
2019-10-07,21933.217,1.65
2019-10-08,21933.217,1.65
2019-10-09,21933.217,1.65
2019-10-10,21933.217,1.65
2019-10-11,21933.217,1.65
2019-10-12,21933.217,1.65
2019-10-13,21933.217,1.65
2019-10-14,21933.217,1.65
2019-10-15,21933.217,1.65
2019-10-16,21933.217,1.65
2019-10-17,21933.217,1.65
2019-10-18,21933.217,1.65
2019-10-19,21933.217,1.65
2019-10-20,21933.217,1.65
2019-10-21,21933.217,1.65
2019-10-22,21933.217,1.65
2019-10-23,21933.217,1.65
2019-10-24,21933.217,1.65
2019-10-25,21933.217,1.65
2019-10-26,21933.217,1.65
2019-10-27,21933.217,1.65
2019-10-28,21933.217,1.65
2019-10-29,21933.217,1.65
2019-10-30,21933.217,1.65
2019-10-31,21933.217,1.65
2019-11-01,21933.217,1.65
2019-11-02,21933.217,1.65
2019-11-03,21933.217,1.65
2019-11-04,21933.217,1.65
2019-11-05,21933.217,1.65
2019-11-06,21933.217,1.65
2019-11-07,21933.217,1.65
2019-11-08,21933.217,1.65
2019-11-09,21933.217,1.65
2019-11-10,21933.217,1.65
2019-11-11,21933.217,1.65
2019-11-12,21933.217,1.65
2019-11-13,21933.217,1.65
2019-11-14,21933.217,1.65
2019-11-15,21933.217,1.65
2019-11-16,21933.217,1.65
2019-11-17,21933.217,1.65
2019-11-18,21933.217,1.65
2019-11-19,21933.217,1.65
2019-11-20,21933.217,1.65
2019-11-21,21933.217,1.65
2019-11-22,21933.217,1.65
2019-11-23,21933.217,1.65
2019-11-24,21933.217,1.65
2019-11-25,21933.217,1.65
2019-11-26,21933.217,1.65
2019-11-27,21933.217,1.65
2019-11-28,21933.217,1.65
2019-11-29,21933.217,1.65
2019-11-30,21933.217,1.65
2019-12-01,21933.217,1.65
2019-12-02,21933.217,1.65
2019-12-03,21933.217,1.65
2019-12-04,21933.217,1.65
2019-12-05,21933.217,1.65
2019-12-06,21933.217,1.65
2019-12-07,21933.217,1.65
2019-12-08,21933.217,1.65
2019-12-09,21933.217,1.65
2019-12-10,21933.217,1.65
2019-12-11,21933.217,1.65
2019-12-12,21933.217,1.65
2019-12-13,21933.217,1.65
2019-12-14,21933.217,1.65
2019-12-15,21933.217,1.65
2019-12-16,21933.217,1.65
2019-12-17,21933.217,1.65
2019-12-18,21933.217,1.65
2019-12-19,21933.217,1.65
2019-12-20,21933.217,1.65
2019-12-21,21933.217,1.65
2019-12-22,21933.217,1.65
2019-12-23,21933.217,1.65
2019-12-24,21933.217,1.65
2019-12-25,21933.217,1.65
2019-12-26,21933.217,1.65
2019-12-27,21933.217,1.65
2019-12-28,21933.217,1.65
2019-12-29,21933.217,1.65
2019-12-30,21933.217,1.65
2019-12-31,21933.217,1.65
2020-01-01,21727.657,1.65
2020-01-02,21727.657,1.65
2020-01-03,21727.657,1.65
2020-01-04,21727.657,1.65
2020-01-05,21727.657,1.65
2020-01-06,21727.657,1.65
2020-01-07,21727.657,1.65
2020-01-08,21727.657,1.65
2020-01-09,21727.657,1.65
2020-01-10,21727.657,1.65
2020-01-11,21727.657,1.65
2020-01-12,21727.657,1.65
2020-01-13,21727.657,1.65
2020-01-14,21727.657,1.65
2020-01-15,21727.657,1.65
2020-01-16,21727.657,1.65
2020-01-17,21727.657,1.65
2020-01-18,21727.657,1.65
2020-01-19,21727.657,1.65
2020-01-20,21727.657,1.65
2020-01-21,21727.657,1.65
2020-01-22,21727.657,1.65
2020-01-23,21727.657,1.65
2020-01-24,21727.657,1.65
2020-01-25,21727.657,1.65
2020-01-26,21727.657,1.65
2020-01-27,21727.657,1.65
2020-01-28,21727.657,1.65
2020-01-29,21727.657,1.65
2020-01-30,21727.657,1.65
2020-01-31,21727.657,1.65
2020-02-01,21727.657,1.65
2020-02-02,21727.657,1.65
2020-02-03,21727.657,1.65
2020-02-04,21727.657,1.65
2020-02-05,21727.657,1.65
2020-02-06,21727.657,1.65
2020-02-07,21727.657,1.65
2020-02-08,21727.657,1.65
2020-02-09,21727.657,1.65
2020-02-10,21727.657,1.65
2020-02-11,21727.657,1.65
2020-02-12,21727.657,1.65
2020-02-13,21727.657,1.65
2020-02-14,21727.657,1.65
2020-02-15,21727.657,1.65
2020-02-16,21727.657,1.65
2020-02-17,21727.657,1.65
2020-02-18,21727.657,1.65
2020-02-19,21727.657,1.65
2020-02-20,21727.657,1.65
2020-02-21,21727.657,1.65
2020-02-22,21727.657,1.65
2020-02-23,21727.657,1.65
2020-02-24,21727.657,1.65
2020-02-25,21727.657,1.65
2020-02-26,21727.657,1.65
2020-02-27,21727.657,1.65
2020-02-28,21727.657,1.65
2020-02-29,21727.657,1.65
2020-03-01,21727.657,1.65
2020-03-02,21727.657,1.65
2020-03-03,21727.657,1.65
2020-03-04,21727.657,1.65
2020-03-05,21727.657,1.65
2020-03-06,21727.657,1.65
2020-03-07,21727.657,1.65
2020-03-08,21727.657,1.65
2020-03-09,21727.657,1.65
2020-03-10,21727.657,1.65
2020-03-11,21727.657,1.65
2020-03-12,21727.657,1.65
2020-03-13,21727.657,1.65
2020-03-14,21727.657,1.65
2020-03-15,21727.657,1.65
2020-03-16,21727.657,1.65
2020-03-17,21727.657,1.65
2020-03-18,21727.657,1.65
2020-03-19,21727.657,1.65
2020-03-20,21727.657,1.65
2020-03-21,21727.657,1.65
2020-03-22,21727.657,1.65
2020-03-23,21727.657,1.65
2020-03-24,21727.657,1.65
2020-03-25,21727.657,1.65
2020-03-26,21727.657,1.65
2020-03-27,21727.657,1.65
2020-03-28,21727.657,1.65
2020-03-29,21727.657,1.65
2020-03-30,21727.657,1.65
2020-03-31,21727.657,1.65
2020-04-01,19935.444,0.62
2020-04-02,19935.444,0.62
2020-04-03,19935.444,0.62
2020-04-04,19935.444,0.62
2020-04-05,19935.444,0.62
2020-04-06,19935.444,0.62
2020-04-07,19935.444,0.62
2020-04-08,19935.444,0.62
2020-04-09,19935.444,0.62
2020-04-10,19935.444,0.62
2020-04-11,19935.444,0.62
2020-04-12,19935.444,0.62
2020-04-13,19935.444,0.62
2020-04-14,19935.444,0.62
2020-04-15,19935.444,0.62
2020-04-16,19935.444,0.62
2020-04-17,19935.444,0.62
2020-04-18,19935.444,0.62
2020-04-19,19935.444,0.62
2020-04-20,19935.444,0.62
2020-04-21,19935.444,0.62
2020-04-22,19935.444,0.62
2020-04-23,19935.444,0.62
2020-04-24,19935.444,0.62
2020-04-25,19935.444,0.62
2020-04-26,19935.444,0.62
2020-04-27,19935.444,0.62
2020-04-28,19935.444,0.62
2020-04-29,19935.444,0.62
2020-04-30,19935.444,0.62
2020-05-01,19935.444,0.62
2020-05-02,19935.444,0.62
2020-05-03,19935.444,0.62
2020-05-04,19935.444,0.62
2020-05-05,19935.444,0.62
2020-05-06,19935.444,0.62
2020-05-07,19935.444,0.62
2020-05-08,19935.444,0.62
2020-05-09,19935.444,0.62
2020-05-10,19935.444,0.62
2020-05-11,19935.444,0.62
2020-05-12,19935.444,0.62
2020-05-13,19935.444,0.62
2020-05-14,19935.444,0.62
2020-05-15,19935.444,0.62
2020-05-16,19935.444,0.62
2020-05-17,19935.444,0.62
2020-05-18,19935.444,0.62
2020-05-19,19935.444,0.62
2020-05-20,19935.444,0.62
2020-05-21,19935.444,0.62
2020-05-22,19935.444,0.62
2020-05-23,19935.444,0.62
2020-05-24,19935.444,0.62
2020-05-25,19935.444,0.62
2020-05-26,19935.444,0.62
2020-05-27,19935.444,0.62
2020-05-28,19935.444,0.62
2020-05-29,19935.444,0.62
2020-05-30,19935.444,0.62
2020-05-31,19935.444,0.62
2020-06-01,19935.444,0.62
2020-06-02,19935.444,0.62
2020-06-03,19935.444,0.62
2020-06-04,19935.444,0.62
2020-06-05,19935.444,0.62
2020-06-06,19935.444,0.62
2020-06-07,19935.444,0.62
2020-06-08,19935.444,0.62
2020-06-09,19935.444,0.62
2020-06-10,19935.444,0.62
2020-06-11,19935.444,0.62
2020-06-12,19935.444,0.62
2020-06-13,19935.444,0.62
2020-06-14,19935.444,0.62
2020-06-15,19935.444,0.62
2020-06-16,19935.444,0.62
2020-06-17,19935.444,0.62
2020-06-18,19935.444,0.62
2020-06-19,19935.444,0.62
2020-06-20,19935.444,0.62
2020-06-21,19935.444,0.62
2020-06-22,19935.444,0.62
2020-06-23,19935.444,0.62
2020-06-24,19935.444,0.62
2020-06-25,19935.444,0.62
2020-06-26,19935.444,0.62
2020-06-27,19935.444,0.62
2020-06-28,19935.444,0.62
2020-06-29,19935.444,0.62
2020-06-30,19935.444,0.62
2020-07-01,21684.551,0.69
2020-07-02,21684.551,0.69
2020-07-03,21684.551,0.69
2020-07-04,21684.551,0.69
2020-07-05,21684.551,0.69
2020-07-06,21684.551,0.69
2020-07-07,21684.551,0.69
2020-07-08,21684.551,0.69
2020-07-09,21684.551,0.69
2020-07-10,21684.551,0.69
2020-07-11,21684.551,0.69
2020-07-12,21684.551,0.69
2020-07-13,21684.551,0.69
2020-07-14,21684.551,0.69
2020-07-15,21684.551,0.69
2020-07-16,21684.551,0.69
2020-07-17,21684.551,0.69
2020-07-18,21684.551,0.69
2020-07-19,21684.551,0.69
2020-07-20,21684.551,0.69
2020-07-21,21684.551,0.69
2020-07-22,21684.551,0.69
2020-07-23,21684.551,0.69
2020-07-24,21684.551,0.69
2020-07-25,21684.551,0.69
2020-07-26,21684.551,0.69
2020-07-27,21684.551,0.69
2020-07-28,21684.551,0.69
2020-07-29,21684.551,0.69
2020-07-30,21684.551,0.69
2020-07-31,21684.551,0.69
2020-08-01,21684.551,0.69
2020-08-02,21684.551,0.69
2020-08-03,21684.551,0.69
2020-08-04,21684.551,0.69
2020-08-05,21684.551,0.69
2020-08-06,21684.551,0.69
2020-08-07,21684.551,0.69
2020-08-08,21684.551,0.69
2020-08-09,21684.551,0.69
2020-08-10,21684.551,0.69
2020-08-11,21684.551,0.69
2020-08-12,21684.551,0.69
2020-08-13,21684.551,0.69
2020-08-14,21684.551,0.69
2020-08-15,21684.551,0.69
2020-08-16,21684.551,0.69
2020-08-17,21684.551,0.69
2020-08-18,21684.551,0.69
2020-08-19,21684.551,0.69
2020-08-20,21684.551,0.69
2020-08-21,21684.551,0.69
2020-08-22,21684.551,0.69
2020-08-23,21684.551,0.69
2020-08-24,21684.551,0.69
2020-08-25,21684.551,0.69
2020-08-26,21684.551,0.69
2020-08-27,21684.551,0.69
2020-08-28,21684.551,0.69
2020-08-29,21684.551,0.69
2020-08-30,21684.551,0.69
2020-08-31,21684.551,0.69
2020-09-01,21684.551,0.69
2020-09-02,21684.551,0.69
2020-09-03,21684.551,0.69
2020-09-04,21684.551,0.69
2020-09-05,21684.551,0.69
2020-09-06,21684.551,0.69
2020-09-07,21684.551,0.69
2020-09-08,21684.551,0.69
2020-09-09,21684.551,0.69
2020-09-10,21684.551,0.69
2020-09-11,21684.551,0.69
2020-09-12,21684.551,0.69
2020-09-13,21684.551,0.69
2020-09-14,21684.551,0.69
2020-09-15,21684.551,0.69
2020-09-16,21684.551,0.69
2020-09-17,21684.551,0.69
2020-09-18,21684.551,0.69
2020-09-19,21684.551,0.69
2020-09-20,21684.551,0.69
2020-09-21,21684.551,0.69
2020-09-22,21684.551,0.69
2020-09-23,21684.551,0.69
2020-09-24,21684.551,0.69
2020-09-25,21684.551,0.69
2020-09-26,21684.551,0.69
2020-09-27,21684.551,0.69
2020-09-28,21684.551,0.69
2020-09-29,21684.551,0.69
2020-09-30,21684.551,0.69
2020-10-01,22068.767,0.68
2020-10-02,22068.767,0.68
2020-10-03,22068.767,0.68
2020-10-04,22068.767,0.68
2020-10-05,22068.767,0.68
2020-10-06,22068.767,0.68
2020-10-07,22068.767,0.68
2020-10-08,22068.767,0.68
2020-10-09,22068.767,0.68
2020-10-10,22068.767,0.68
2020-10-11,22068.767,0.68
2020-10-12,22068.767,0.68
2020-10-13,22068.767,0.68
2020-10-14,22068.767,0.68
2020-10-15,22068.767,0.68
2020-10-16,22068.767,0.68
2020-10-17,22068.767,0.68
2020-10-18,22068.767,0.68
2020-10-19,22068.767,0.68
2020-10-20,22068.767,0.68
2020-10-21,22068.767,0.68
2020-10-22,22068.767,0.68
2020-10-23,22068.767,0.68
2020-10-24,22068.767,0.68
2020-10-25,22068.767,0.68
2020-10-26,22068.767,0.68
2020-10-27,22068.767,0.68
2020-10-28,22068.767,0.68
2020-10-29,22068.767,0.68
2020-10-30,22068.767,0.68
2020-10-31,22068.767,0.68
2020-11-01,22068.767,0.68
2020-11-02,22068.767,0.68
2020-11-03,22068.767,0.68
2020-11-04,22068.767,0.68
2020-11-05,22068.767,0.68
2020-11-06,22068.767,0.68
2020-11-07,22068.767,0.68
2020-11-08,22068.767,0.68
2020-11-09,22068.767,0.68
2020-11-10,22068.767,0.68
2020-11-11,22068.767,0.68
2020-11-12,22068.767,0.68
2020-11-13,22068.767,0.68
2020-11-14,22068.767,0.68
2020-11-15,22068.767,0.68
2020-11-16,22068.767,0.68
2020-11-17,22068.767,0.68
2020-11-18,22068.767,0.68
2020-11-19,22068.767,0.68
2020-11-20,22068.767,0.68
2020-11-21,22068.767,0.68
2020-11-22,22068.767,0.68
2020-11-23,22068.767,0.68
2020-11-24,22068.767,0.68
2020-11-25,22068.767,0.68
2020-11-26,22068.767,0.68
2020-11-27,22068.767,0.68
2020-11-28,22068.767,0.68
2020-11-29,22068.767,0.68
2020-11-30,22068.767,0.68
2020-12-01,22068.767,0.68
2020-12-02,22068.767,0.68
2020-12-03,22068.767,0.68
2020-12-04,22068.767,0.68
2020-12-05,22068.767,0.68
2020-12-06,22068.767,0.68
2020-12-07,22068.767,0.68
2020-12-08,22068.767,0.68
2020-12-09,22068.767,0.68
2020-12-10,22068.767,0.68
2020-12-11,22068.767,0.68
2020-12-12,22068.767,0.68
2020-12-13,22068.767,0.68
2020-12-14,22068.767,0.68
2020-12-15,22068.767,0.68
2020-12-16,22068.767,0.68
2020-12-17,22068.767,0.68
2020-12-18,22068.767,0.68
2020-12-19,22068.767,0.68
2020-12-20,22068.767,0.68
2020-12-21,22068.767,0.68
2020-12-22,22068.767,0.68
2020-12-23,22068.767,0.68
2020-12-24,22068.767,0.68
2020-12-25,22068.767,0.68
2020-12-26,22068.767,0.68
2020-12-27,22068.767,0.68
2020-12-28,22068.767,0.68
2020-12-29,22068.767,0.68
2020-12-30,22068.767,0.68
2020-12-31,22068.767,0.68
2021-01-01,22656.793,0.68
2021-01-02,22656.793,0.68
2021-01-03,22656.793,0.68
2021-01-04,22656.793,0.68
2021-01-05,22656.793,0.68
2021-01-06,22656.793,0.68
2021-01-07,22656.793,0.68
2021-01-08,22656.793,0.68
2021-01-09,22656.793,0.68
2021-01-10,22656.793,0.68
2021-01-11,22656.793,0.68
2021-01-12,22656.793,0.68
2021-01-13,22656.793,0.68
2021-01-14,22656.793,0.68
2021-01-15,22656.793,0.68
2021-01-16,22656.793,0.68
2021-01-17,22656.793,0.68
2021-01-18,22656.793,0.68
2021-01-19,22656.793,0.68
2021-01-20,22656.793,0.68
2021-01-21,22656.793,0.68
2021-01-22,22656.793,0.68
2021-01-23,22656.793,0.68
2021-01-24,22656.793,0.68
2021-01-25,22656.793,0.68
2021-01-26,22656.793,0.68
2021-01-27,22656.793,0.68
2021-01-28,22656.793,0.68
2021-01-29,22656.793,0.68
2021-01-30,22656.793,0.68
2021-01-31,22656.793,0.68
2021-02-01,22656.793,0.68
2021-02-02,22656.793,0.68
2021-02-03,22656.793,0.68
2021-02-04,22656.793,0.68
2021-02-05,22656.793,0.68
2021-02-06,22656.793,0.68
2021-02-07,22656.793,0.68
2021-02-08,22656.793,0.68
2021-02-09,22656.793,0.68
2021-02-10,22656.793,0.68
2021-02-11,22656.793,0.68
2021-02-12,22656.793,0.68
2021-02-13,22656.793,0.68
2021-02-14,22656.793,0.68
2021-02-15,22656.793,0.68
2021-02-16,22656.793,0.68
2021-02-17,22656.793,0.68
2021-02-18,22656.793,0.68
2021-02-19,22656.793,0.68
2021-02-20,22656.793,0.68
2021-02-21,22656.793,0.68
2021-02-22,22656.793,0.68
2021-02-23,22656.793,0.68
2021-02-24,22656.793,0.68
2021-02-25,22656.793,0.68
2021-02-26,22656.793,0.68
2021-02-27,22656.793,0.68
2021-02-28,22656.793,0.68
2021-03-01,22656.793,0.68
2021-03-02,22656.793,0.68
2021-03-03,22656.793,0.68
2021-03-04,22656.793,0.68
2021-03-05,22656.793,0.68
2021-03-06,22656.793,0.68
2021-03-07,22656.793,0.68
2021-03-08,22656.793,0.68
2021-03-09,22656.793,0.68
2021-03-10,22656.793,0.68
2021-03-11,22656.793,0.68
2021-03-12,22656.793,0.68
2021-03-13,22656.793,0.68
2021-03-14,22656.793,0.68
2021-03-15,22656.793,0.68
2021-03-16,22656.793,0.68
2021-03-17,22656.793,0.68
2021-03-18,22656.793,0.68
2021-03-19,22656.793,0.68
2021-03-20,22656.793,0.68
2021-03-21,22656.793,0.68
2021-03-22,22656.793,0.68
2021-03-23,22656.793,0.68
2021-03-24,22656.793,0.68
2021-03-25,22656.793,0.68
2021-03-26,22656.793,0.68
2021-03-27,22656.793,0.68
2021-03-28,22656.793,0.68
2021-03-29,22656.793,0.68
2021-03-30,22656.793,0.68
2021-03-31,22656.793,0.68
2021-04-01,23368.861,1.69
2021-04-02,23368.861,1.69
2021-04-03,23368.861,1.69
2021-04-04,23368.861,1.69
2021-04-05,23368.861,1.69
2021-04-06,23368.861,1.69
2021-04-07,23368.861,1.69
2021-04-08,23368.861,1.69
2021-04-09,23368.861,1.69
2021-04-10,23368.861,1.69
2021-04-11,23368.861,1.69
2021-04-12,23368.861,1.69
2021-04-13,23368.861,1.69
2021-04-14,23368.861,1.69
2021-04-15,23368.861,1.69
2021-04-16,23368.861,1.69
2021-04-17,23368.861,1.69
2021-04-18,23368.861,1.69
2021-04-19,23368.861,1.69
2021-04-20,23368.861,1.69
2021-04-21,23368.861,1.69
2021-04-22,23368.861,1.69
2021-04-23,23368.861,1.69
2021-04-24,23368.861,1.69
2021-04-25,23368.861,1.69
2021-04-26,23368.861,1.69
2021-04-27,23368.861,1.69
2021-04-28,23368.861,1.69
2021-04-29,23368.861,1.69
2021-04-30,23368.861,1.69
2021-05-01,23368.861,1.69
2021-05-02,23368.861,1.69
2021-05-03,23368.861,1.69
2021-05-04,23368.861,1.69
2021-05-05,23368.861,1.69
2021-05-06,23368.861,1.69
2021-05-07,23368.861,1.69
2021-05-08,23368.861,1.69
2021-05-09,23368.861,1.69
2021-05-10,23368.861,1.69
2021-05-11,23368.861,1.69
2021-05-12,23368.861,1.69
2021-05-13,23368.861,1.69
2021-05-14,23368.861,1.69
2021-05-15,23368.861,1.69
2021-05-16,23368.861,1.69
2021-05-17,23368.861,1.69
2021-05-18,23368.861,1.69
2021-05-19,23368.861,1.69
2021-05-20,23368.861,1.69
2021-05-21,23368.861,1.69
2021-05-22,23368.861,1.69
2021-05-23,23368.861,1.69
2021-05-24,23368.861,1.69
2021-05-25,23368.861,1.69
2021-05-26,23368.861,1.69
2021-05-27,23368.861,1.69
2021-05-28,23368.861,1.69
2021-05-29,23368.861,1.69
2021-05-30,23368.861,1.69
2021-05-31,23368.861,1.69
2021-06-01,23368.861,1.69
2021-06-02,23368.861,1.69
2021-06-03,23368.861,1.69
2021-06-04,23368.861,1.69
2021-06-05,23368.861,1.69
2021-06-06,23368.861,1.69
2021-06-07,23368.861,1.69
2021-06-08,23368.861,1.69
2021-06-09,23368.861,1.69
2021-06-10,23368.861,1.69
2021-06-11,23368.861,1.69
2021-06-12,23368.861,1.69
2021-06-13,23368.861,1.69
2021-06-14,23368.861,1.69
2021-06-15,23368.861,1.69
2021-06-16,23368.861,1.69
2021-06-17,23368.861,1.69
2021-06-18,23368.861,1.69
2021-06-19,23368.861,1.69
2021-06-20,23368.861,1.69
2021-06-21,23368.861,1.69
2021-06-22,23368.861,1.69
2021-06-23,23368.861,1.69
2021-06-24,23368.861,1.69
2021-06-25,23368.861,1.69
2021-06-26,23368.861,1.69
2021-06-27,23368.861,1.69
2021-06-28,23368.861,1.69
2021-06-29,23368.861,1.69
2021-06-30,23368.861,1.69
2021-07-01,23921.991,1.48
2021-07-02,23921.991,1.48
2021-07-03,23921.991,1.48
2021-07-04,23921.991,1.48
2021-07-05,23921.991,1.48
2021-07-06,23921.991,1.48
2021-07-07,23921.991,1.48
2021-07-08,23921.991,1.48
2021-07-09,23921.991,1.48
2021-07-10,23921.991,1.48
2021-07-11,23921.991,1.48
2021-07-12,23921.991,1.48
2021-07-13,23921.991,1.48
2021-07-14,23921.991,1.48
2021-07-15,23921.991,1.48
2021-07-16,23921.991,1.48
2021-07-17,23921.991,1.48
2021-07-18,23921.991,1.48
2021-07-19,23921.991,1.48
2021-07-20,23921.991,1.48
2021-07-21,23921.991,1.48
2021-07-22,23921.991,1.48
2021-07-23,23921.991,1.48
2021-07-24,23921.991,1.48
2021-07-25,23921.991,1.48
2021-07-26,23921.991,1.48
2021-07-27,23921.991,1.48
2021-07-28,23921.991,1.48
2021-07-29,23921.991,1.48
2021-07-30,23921.991,1.48
2021-07-31,23921.991,1.48
2021-08-01,23921.991,1.48
2021-08-02,23921.991,1.48
2021-08-03,23921.991,1.48
2021-08-04,23921.991,1.48
2021-08-05,23921.991,1.48
2021-08-06,23921.991,1.48
2021-08-07,23921.991,1.48
2021-08-08,23921.991,1.48
2021-08-09,23921.991,1.48
2021-08-10,23921.991,1.48
2021-08-11,23921.991,1.48
2021-08-12,23921.991,1.48
2021-08-13,23921.991,1.48
2021-08-14,23921.991,1.48
2021-08-15,23921.991,1.48
2021-08-16,23921.991,1.48
2021-08-17,23921.991,1.48
2021-08-18,23921.991,1.48
2021-08-19,23921.991,1.48
2021-08-20,23921.991,1.48
2021-08-21,23921.991,1.48
2021-08-22,23921.991,1.48
2021-08-23,23921.991,1.48
2021-08-24,23921.991,1.48
2021-08-25,23921.991,1.48
2021-08-26,23921.991,1.48
2021-08-27,23921.991,1.48
2021-08-28,23921.991,1.48
2021-08-29,23921.991,1.48
2021-08-30,23921.991,1.48
2021-08-31,23921.991,1.48
2021-09-01,23921.991,1.48
2021-09-02,23921.991,1.48
2021-09-03,23921.991,1.48
2021-09-04,23921.991,1.48
2021-09-05,23921.991,1.48
2021-09-06,23921.991,1.48
2021-09-07,23921.991,1.48
2021-09-08,23921.991,1.48
2021-09-09,23921.991,1.48
2021-09-10,23921.991,1.48
2021-09-11,23921.991,1.48
2021-09-12,23921.991,1.48
2021-09-13,23921.991,1.48
2021-09-14,23921.991,1.48
2021-09-15,23921.991,1.48
2021-09-16,23921.991,1.48
2021-09-17,23921.991,1.48
2021-09-18,23921.991,1.48
2021-09-19,23921.991,1.48
2021-09-20,23921.991,1.48
2021-09-21,23921.991,1.48
2021-09-22,23921.991,1.48
2021-09-23,23921.991,1.48
2021-09-24,23921.991,1.48
2021-09-25,23921.991,1.48
2021-09-26,23921.991,1.48
2021-09-27,23921.991,1.48
2021-09-28,23921.991,1.48
2021-09-29,23921.991,1.48
2021-09-30,23921.991,1.48
2021-10-01,24777.038,1.48
2021-10-02,24777.038,1.48
2021-10-03,24777.038,1.48
2021-10-04,24777.038,1.48
2021-10-05,24777.038,1.48
2021-10-06,24777.038,1.48
2021-10-07,24777.038,1.48
2021-10-08,24777.038,1.48
2021-10-09,24777.038,1.48
2021-10-10,24777.038,1.48
2021-10-11,24777.038,1.48
2021-10-12,24777.038,1.48
2021-10-13,24777.038,1.48
2021-10-14,24777.038,1.48
2021-10-15,24777.038,1.48
2021-10-16,24777.038,1.48
2021-10-17,24777.038,1.48
2021-10-18,24777.038,1.48
2021-10-19,24777.038,1.48
2021-10-20,24777.038,1.48
2021-10-21,24777.038,1.48
2021-10-22,24777.038,1.48
2021-10-23,24777.038,1.48
2021-10-24,24777.038,1.48
2021-10-25,24777.038,1.48
2021-10-26,24777.038,1.48
2021-10-27,24777.038,1.48
2021-10-28,24777.038,1.48
2021-10-29,24777.038,1.48
2021-10-30,24777.038,1.48
2021-10-31,24777.038,1.48
2021-11-01,24777.038,1.48
2021-11-02,24777.038,1.48
2021-11-03,24777.038,1.48
2021-11-04,24777.038,1.48
2021-11-05,24777.038,1.48
2021-11-06,24777.038,1.48
2021-11-07,24777.038,1.48
2021-11-08,24777.038,1.48
2021-11-09,24777.038,1.48
2021-11-10,24777.038,1.48
2021-11-11,24777.038,1.48
2021-11-12,24777.038,1.48
2021-11-13,24777.038,1.48
2021-11-14,24777.038,1.48
2021-11-15,24777.038,1.48
2021-11-16,24777.038,1.48
2021-11-17,24777.038,1.48
2021-11-18,24777.038,1.48
2021-11-19,24777.038,1.48
2021-11-20,24777.038,1.48
2021-11-21,24777.038,1.48
2021-11-22,24777.038,1.48
2021-11-23,24777.038,1.48
2021-11-24,24777.038,1.48
2021-11-25,24777.038,1.48
2021-11-26,24777.038,1.48
2021-11-27,24777.038,1.48
2021-11-28,24777.038,1.48
2021-11-29,24777.038,1.48
2021-11-30,24777.038,1.48
2021-12-01,24777.038,1.48
2021-12-02,24777.038,1.48
2021-12-03,24777.038,1.48
2021-12-04,24777.038,1.48
2021-12-05,24777.038,1.48
2021-12-06,24777.038,1.48
2021-12-07,24777.038,1.48
2021-12-08,24777.038,1.48
2021-12-09,24777.038,1.48
2021-12-10,24777.038,1.48
2021-12-11,24777.038,1.48
2021-12-12,24777.038,1.48
2021-12-13,24777.038,1.48
2021-12-14,24777.038,1.48
2021-12-15,24777.038,1.48
2021-12-16,24777.038,1.48
2021-12-17,24777.038,1.48
2021-12-18,24777.038,1.48
2021-12-19,24777.038,1.48
2021-12-20,24777.038,1.48
2021-12-21,24777.038,1.48
2021-12-22,24777.038,1.48
2021-12-23,24777.038,1.48
2021-12-24,24777.038,1.48
2021-12-25,24777.038,1.48
2021-12-26,24777.038,1.48
2021-12-27,24777.038,1.48
2021-12-28,24777.038,1.48
2021-12-29,24777.038,1.48
2021-12-30,24777.038,1.48
2021-12-31,24777.038,1.48
2022-01-01,25215.491,1.48
2022-01-02,25215.491,1.48
2022-01-03,25215.491,1.48
2022-01-04,25215.491,1.48
2022-01-05,25215.491,1.48
2022-01-06,25215.491,1.48
2022-01-07,25215.491,1.48
2022-01-08,25215.491,1.48
2022-01-09,25215.491,1.48
2022-01-10,25215.491,1.48
2022-01-11,25215.491,1.48
2022-01-12,25215.491,1.48
2022-01-13,25215.491,1.48
2022-01-14,25215.491,1.48
2022-01-15,25215.491,1.48
2022-01-16,25215.491,1.48
2022-01-17,25215.491,1.48
2022-01-18,25215.491,1.48
2022-01-19,25215.491,1.48
2022-01-20,25215.491,1.48
2022-01-21,25215.491,1.48
2022-01-22,25215.491,1.48
2022-01-23,25215.491,1.48
2022-01-24,25215.491,1.48
2022-01-25,25215.491,1.48
2022-01-26,25215.491,1.48
2022-01-27,25215.491,1.48
2022-01-28,25215.491,1.48
2022-01-29,25215.491,1.48
2022-01-30,25215.491,1.48
2022-01-31,25215.491,1.48
2022-02-01,25215.491,1.48
2022-02-02,25215.491,1.48
2022-02-03,25215.491,1.48
2022-02-04,25215.491,1.48
2022-02-05,25215.491,1.48
2022-02-06,25215.491,1.48
2022-02-07,25215.491,1.48
2022-02-08,25215.491,1.48
2022-02-09,25215.491,1.48
2022-02-10,25215.491,1.48
2022-02-11,25215.491,1.48
2022-02-12,25215.491,1.48
2022-02-13,25215.491,1.48
2022-02-14,25215.491,1.48
2022-02-15,25215.491,1.48
2022-02-16,25215.491,1.48
2022-02-17,25215.491,1.48
2022-02-18,25215.491,1.48
2022-02-19,25215.491,1.48
2022-02-20,25215.491,1.48
2022-02-21,25215.491,1.48
2022-02-22,25215.491,1.48
2022-02-23,25215.491,1.48
2022-02-24,25215.491,1.48
2022-02-25,25215.491,1.48
2022-02-26,25215.491,1.48
2022-02-27,25215.491,1.48
2022-02-28,25215.491,1.48
2022-03-01,25215.491,1.48
2022-03-02,25215.491,1.48
2022-03-03,25215.491,1.48
2022-03-04,25215.491,1.48
2022-03-05,25215.491,1.48
2022-03-06,25215.491,1.48
2022-03-07,25215.491,1.48
2022-03-08,25215.491,1.48
2022-03-09,25215.491,1.48
2022-03-10,25215.491,1.48
2022-03-11,25215.491,1.48
2022-03-12,25215.491,1.48
2022-03-13,25215.491,1.48
2022-03-14,25215.491,1.48
2022-03-15,25215.491,1.48
2022-03-16,25215.491,1.48
2022-03-17,25215.491,1.48
2022-03-18,25215.491,1.48
2022-03-19,25215.491,1.48
2022-03-20,25215.491,1.48
2022-03-21,25215.491,1.48
2022-03-22,25215.491,1.48
2022-03-23,25215.491,1.48
2022-03-24,25215.491,1.48
2022-03-25,25215.491,1.48
2022-03-26,25215.491,1.48
2022-03-27,25215.491,1.48
2022-03-28,25215.491,1.48
2022-03-29,25215.491,1.48
2022-03-30,25215.491,1.48
2022-03-31,25215.491,1.48
2022-04-01,25805.791,2.39
2022-04-02,25805.791,2.39
2022-04-03,25805.791,2.39
2022-04-04,25805.791,2.39
2022-04-05,25805.791,2.39
2022-04-06,25805.791,2.39
2022-04-07,25805.791,2.39
2022-04-08,25805.791,2.39
2022-04-09,25805.791,2.39
2022-04-10,25805.791,2.39
2022-04-11,25805.791,2.39
2022-04-12,25805.791,2.39
2022-04-13,25805.791,2.39
2022-04-14,25805.791,2.39
2022-04-15,25805.791,2.39
2022-04-16,25805.791,2.39
2022-04-17,25805.791,2.39
2022-04-18,25805.791,2.39
2022-04-19,25805.791,2.39
2022-04-20,25805.791,2.39
2022-04-21,25805.791,2.39
2022-04-22,25805.791,2.39
2022-04-23,25805.791,2.39
2022-04-24,25805.791,2.39
2022-04-25,25805.791,2.39
2022-04-26,25805.791,2.39
2022-04-27,25805.791,2.39
2022-04-28,25805.791,2.39
2022-04-29,25805.791,2.39
2022-04-30,25805.791,2.39
2022-05-01,25805.791,2.39
2022-05-02,25805.791,2.39
2022-05-03,25805.791,2.39
2022-05-04,25805.791,2.39
2022-05-05,25805.791,2.39
2022-05-06,25805.791,2.39
2022-05-07,25805.791,2.39
2022-05-08,25805.791,2.39
2022-05-09,25805.791,2.39
2022-05-10,25805.791,2.39
2022-05-11,25805.791,2.39
2022-05-12,25805.791,2.39
2022-05-13,25805.791,2.39
2022-05-14,25805.791,2.39
2022-05-15,25805.791,2.39
2022-05-16,25805.791,2.39
2022-05-17,25805.791,2.39
2022-05-18,25805.791,2.39
2022-05-19,25805.791,2.39
2022-05-20,25805.791,2.39
2022-05-21,25805.791,2.39
2022-05-22,25805.791,2.39
2022-05-23,25805.791,2.39
2022-05-24,25805.791,2.39
2022-05-25,25805.791,2.39
2022-05-26,25805.791,2.39
2022-05-27,25805.791,2.39
2022-05-28,25805.791,2.39
2022-05-29,25805.791,2.39
2022-05-30,25805.791,2.39
2022-05-31,25805.791,2.39
2022-06-01,25805.791,2.39
2022-06-02,25805.791,2.39
2022-06-03,25805.791,2.39
2022-06-04,25805.791,2.39
2022-06-05,25805.791,2.39
2022-06-06,25805.791,2.39
2022-06-07,25805.791,2.39
2022-06-08,25805.791,2.39
2022-06-09,25805.791,2.39
2022-06-10,25805.791,2.39
2022-06-11,25805.791,2.39
2022-06-12,25805.791,2.39
2022-06-13,25805.791,2.39
2022-06-14,25805.791,2.39
2022-06-15,25805.791,2.39
2022-06-16,25805.791,2.39
2022-06-17,25805.791,2.39
2022-06-18,25805.791,2.39
2022-06-19,25805.791,2.39
2022-06-20,25805.791,2.39
2022-06-21,25805.791,2.39
2022-06-22,25805.791,2.39
2022-06-23,25805.791,2.39
2022-06-24,25805.791,2.39
2022-06-25,25805.791,2.39
2022-06-26,25805.791,2.39
2022-06-27,25805.791,2.39
2022-06-28,25805.791,2.39
2022-06-29,25805.791,2.39
2022-06-30,25805.791,2.39
2022-07-01,26272.011,2.88
2022-07-02,26272.011,2.88
2022-07-03,26272.011,2.88
2022-07-04,26272.011,2.88
2022-07-05,26272.011,2.88
2022-07-06,26272.011,2.88
2022-07-07,26272.011,2.88
2022-07-08,26272.011,2.88
2022-07-09,26272.011,2.88
2022-07-10,26272.011,2.88
2022-07-11,26272.011,2.88
2022-07-12,26272.011,2.88
2022-07-13,26272.011,2.88
2022-07-14,26272.011,2.88
2022-07-15,26272.011,2.88
2022-07-16,26272.011,2.88
2022-07-17,26272.011,2.88
2022-07-18,26272.011,2.88
2022-07-19,26272.011,2.88
2022-07-20,26272.011,2.88
2022-07-21,26272.011,2.88
2022-07-22,26272.011,2.88
2022-07-23,26272.011,2.88
2022-07-24,26272.011,2.88
2022-07-25,26272.011,2.88
2022-07-26,26272.011,2.88
2022-07-27,26272.011,2.88
2022-07-28,26272.011,2.88
2022-07-29,26272.011,2.88
2022-07-30,26272.011,2.88
2022-07-31,26272.011,2.88
2022-08-01,26272.011,2.88
2022-08-02,26272.011,2.88
2022-08-03,26272.011,2.88
2022-08-04,26272.011,2.88
2022-08-05,26272.011,2.88
2022-08-06,26272.011,2.88
2022-08-07,26272.011,2.88
2022-08-08,26272.011,2.88
2022-08-09,26272.011,2.88
2022-08-10,26272.011,2.88
2022-08-11,26272.011,2.88
2022-08-12,26272.011,2.88
2022-08-13,26272.011,2.88
2022-08-14,26272.011,2.88
2022-08-15,26272.011,2.88
2022-08-16,26272.011,2.88
2022-08-17,26272.011,2.88
2022-08-18,26272.011,2.88
2022-08-19,26272.011,2.88
2022-08-20,26272.011,2.88
2022-08-21,26272.011,2.88
2022-08-22,26272.011,2.88
2022-08-23,26272.011,2.88
2022-08-24,26272.011,2.88
2022-08-25,26272.011,2.88
2022-08-26,26272.011,2.88
2022-08-27,26272.011,2.88
2022-08-28,26272.011,2.88
2022-08-29,26272.011,2.88
2022-08-30,26272.011,2.88
2022-08-31,26272.011,2.88
2022-09-01,26272.011,2.88
2022-09-02,26272.011,2.88
2022-09-03,26272.011,2.88
2022-09-04,26272.011,2.88
2022-09-05,26272.011,2.88
2022-09-06,26272.011,2.88
2022-09-07,26272.011,2.88
2022-09-08,26272.011,2.88
2022-09-09,26272.011,2.88
2022-09-10,26272.011,2.88
2022-09-11,26272.011,2.88
2022-09-12,26272.011,2.88
2022-09-13,26272.011,2.88
2022-09-14,26272.011,2.88
2022-09-15,26272.011,2.88
2022-09-16,26272.011,2.88
2022-09-17,26272.011,2.88
2022-09-18,26272.011,2.88
2022-09-19,26272.011,2.88
2022-09-20,26272.011,2.88
2022-09-21,26272.011,2.88
2022-09-22,26272.011,2.88
2022-09-23,26272.011,2.88
2022-09-24,26272.011,2.88
2022-09-25,26272.011,2.88
2022-09-26,26272.011,2.88
2022-09-27,26272.011,2.88
2022-09-28,26272.011,2.88
2022-09-29,26272.011,2.88
2022-09-30,26272.011,2.88
2022-10-01,26734.277,2.88
2022-10-02,26734.277,2.88
2022-10-03,26734.277,2.88
2022-10-04,26734.277,2.88
2022-10-05,26734.277,2.88
2022-10-06,26734.277,2.88
2022-10-07,26734.277,2.88
2022-10-08,26734.277,2.88
2022-10-09,26734.277,2.88
2022-10-10,26734.277,2.88
2022-10-11,26734.277,2.88
2022-10-12,26734.277,2.88
2022-10-13,26734.277,2.88
2022-10-14,26734.277,2.88
2022-10-15,26734.277,2.88
2022-10-16,26734.277,2.88
2022-10-17,26734.277,2.88
2022-10-18,26734.277,2.88
2022-10-19,26734.277,2.88
2022-10-20,26734.277,2.88
2022-10-21,26734.277,2.88
2022-10-22,26734.277,2.88
2022-10-23,26734.277,2.88
2022-10-24,26734.277,2.88
2022-10-25,26734.277,2.88
2022-10-26,26734.277,2.88
2022-10-27,26734.277,2.88
2022-10-28,26734.277,2.88
2022-10-29,26734.277,2.88
2022-10-30,26734.277,2.88
2022-10-31,26734.277,2.88
2022-11-01,26734.277,2.88
2022-11-02,26734.277,2.88
2022-11-03,26734.277,2.88
2022-11-04,26734.277,2.88
2022-11-05,26734.277,2.88
2022-11-06,26734.277,2.88
2022-11-07,26734.277,2.88
2022-11-08,26734.277,2.88
2022-11-09,26734.277,2.88
2022-11-10,26734.277,2.88
2022-11-11,26734.277,2.88
2022-11-12,26734.277,2.88
2022-11-13,26734.277,2.88
2022-11-14,26734.277,2.88
2022-11-15,26734.277,2.88
2022-11-16,26734.277,2.88
2022-11-17,26734.277,2.88
2022-11-18,26734.277,2.88
2022-11-19,26734.277,2.88
2022-11-20,26734.277,2.88
2022-11-21,26734.277,2.88
2022-11-22,26734.277,2.88
2022-11-23,26734.277,2.88
2022-11-24,26734.277,2.88
2022-11-25,26734.277,2.88
2022-11-26,26734.277,2.88
2022-11-27,26734.277,2.88
2022-11-28,26734.277,2.88
2022-11-29,26734.277,2.88
2022-11-30,26734.277,2.88
2022-12-01,26734.277,2.88
2022-12-02,26734.277,2.88
2022-12-03,26734.277,2.88
2022-12-04,26734.277,2.88
2022-12-05,26734.277,2.88
2022-12-06,26734.277,2.88
2022-12-07,26734.277,2.88
2022-12-08,26734.277,2.88
2022-12-09,26734.277,2.88
2022-12-10,26734.277,2.88
2022-12-11,26734.277,2.88
2022-12-12,26734.277,2.88
2022-12-13,26734.277,2.88
2022-12-14,26734.277,2.88
2022-12-15,26734.277,2.88
2022-12-16,26734.277,2.88
2022-12-17,26734.277,2.88
2022-12-18,26734.277,2.88
2022-12-19,26734.277,2.88
2022-12-20,26734.277,2.88
2022-12-21,26734.277,2.88
2022-12-22,26734.277,2.88
2022-12-23,26734.277,2.88
2022-12-24,26734.277,2.88
2022-12-25,26734.277,2.88
2022-12-26,26734.277,2.88
2022-12-27,26734.277,2.88
2022-12-28,26734.277,2.88
2022-12-29,26734.277,2.88
2022-12-30,26734.277,2.88
2022-12-31,26734.277,2.88
2023-01-01,27164.359,2.88
2023-01-02,27164.359,2.88
2023-01-03,27164.359,2.88
2023-01-04,27164.359,2.88
2023-01-05,27164.359,2.88
2023-01-06,27164.359,2.88
2023-01-07,27164.359,2.88
2023-01-08,27164.359,2.88
2023-01-09,27164.359,2.88
2023-01-10,27164.359,2.88
2023-01-11,27164.359,2.88
2023-01-12,27164.359,2.88
2023-01-13,27164.359,2.88
2023-01-14,27164.359,2.88
2023-01-15,27164.359,2.88
2023-01-16,27164.359,2.88
2023-01-17,27164.359,2.88
2023-01-18,27164.359,2.88
2023-01-19,27164.359,2.88
2023-01-20,27164.359,2.88
2023-01-21,27164.359,2.88
2023-01-22,27164.359,2.88
2023-01-23,27164.359,2.88
2023-01-24,27164.359,2.88
2023-01-25,27164.359,2.88
2023-01-26,27164.359,2.88
2023-01-27,27164.359,2.88
2023-01-28,27164.359,2.88
2023-01-29,27164.359,2.88
2023-01-30,27164.359,2.88
2023-01-31,27164.359,2.88
2023-02-01,27164.359,2.88
2023-02-02,27164.359,2.88
2023-02-03,27164.359,2.88
2023-02-04,27164.359,2.88
2023-02-05,27164.359,2.88
2023-02-06,27164.359,2.88
2023-02-07,27164.359,2.88
2023-02-08,27164.359,2.88
2023-02-09,27164.359,2.88
2023-02-10,27164.359,2.88
2023-02-11,27164.359,2.88
2023-02-12,27164.359,2.88
2023-02-13,27164.359,2.88
2023-02-14,27164.359,2.88
2023-02-15,27164.359,2.88
2023-02-16,27164.359,2.88
2023-02-17,27164.359,2.88
2023-02-18,27164.359,2.88
2023-02-19,27164.359,2.88
2023-02-20,27164.359,2.88
2023-02-21,27164.359,2.88
2023-02-22,27164.359,2.88
2023-02-23,27164.359,2.88
2023-02-24,27164.359,2.88
2023-02-25,27164.359,2.88
2023-02-26,27164.359,2.88
2023-02-27,27164.359,2.88
2023-02-28,27164.359,2.88
2023-03-01,27164.359,2.88
2023-03-02,27164.359,2.88
2023-03-03,27164.359,2.88
2023-03-04,27164.359,2.88
2023-03-05,27164.359,2.88
2023-03-06,27164.359,2.88
2023-03-07,27164.359,2.88
2023-03-08,27164.359,2.88
2023-03-09,27164.359,2.88
2023-03-10,27164.359,2.88
2023-03-11,27164.359,2.88
2023-03-12,27164.359,2.88
2023-03-13,27164.359,2.88
2023-03-14,27164.359,2.88
2023-03-15,27164.359,2.88
2023-03-16,27164.359,2.88
2023-03-17,27164.359,2.88
2023-03-18,27164.359,2.88
2023-03-19,27164.359,2.88
2023-03-20,27164.359,2.88
2023-03-21,27164.359,2.88
2023-03-22,27164.359,2.88
2023-03-23,27164.359,2.88
2023-03-24,27164.359,2.88
2023-03-25,27164.359,2.88
2023-03-26,27164.359,2.88
2023-03-27,27164.359,2.88
2023-03-28,27164.359,2.88
2023-03-29,27164.359,2.88
2023-03-30,27164.359,2.88
2023-03-31,27164.359,2.88
2023-04-01,27453.815,2.88
2023-04-02,27453.815,2.88
2023-04-03,27453.815,2.88
2023-04-04,27453.815,2.88
2023-04-05,27453.815,2.88
2023-04-06,27453.815,2.88
2023-04-07,27453.815,2.88
2023-04-08,27453.815,2.88
2023-04-09,27453.815,2.88
2023-04-10,27453.815,2.88
2023-04-11,27453.815,2.88
2023-04-12,27453.815,2.88
2023-04-13,27453.815,2.88
2023-04-14,27453.815,2.88
2023-04-15,27453.815,2.88
2023-04-16,27453.815,2.88
2023-04-17,27453.815,2.88
2023-04-18,27453.815,2.88
2023-04-19,27453.815,2.88
2023-04-20,27453.815,2.88
2023-04-21,27453.815,2.88
2023-04-22,27453.815,2.88
2023-04-23,27453.815,2.88
2023-04-24,27453.815,2.88
2023-04-25,27453.815,2.88
2023-04-26,27453.815,2.88
2023-04-27,27453.815,2.88
2023-04-28,27453.815,2.88
2023-04-29,27453.815,2.88
2023-04-30,27453.815,2.88
2023-05-01,27453.815,2.88
2023-05-02,27453.815,2.88
2023-05-03,27453.815,2.88
2023-05-04,27453.815,2.88
2023-05-05,27453.815,2.88
2023-05-06,27453.815,2.88
2023-05-07,27453.815,2.88
2023-05-08,27453.815,2.88
2023-05-09,27453.815,2.88
2023-05-10,27453.815,2.88
2023-05-11,27453.815,2.88
2023-05-12,27453.815,2.88
2023-05-13,27453.815,2.88
2023-05-14,27453.815,2.88
2023-05-15,27453.815,2.88
2023-05-16,27453.815,2.88
2023-05-17,27453.815,2.88
2023-05-18,27453.815,2.88
2023-05-19,27453.815,2.88
2023-05-20,27453.815,2.88
2023-05-21,27453.815,2.88
2023-05-22,27453.815,2.88
2023-05-23,27453.815,2.88
2023-05-24,27453.815,2.88
2023-05-25,27453.815,2.88
2023-05-26,27453.815,2.88
2023-05-27,27453.815,2.88
2023-05-28,27453.815,2.88
2023-05-29,27453.815,2.88
2023-05-30,27453.815,2.88
2023-05-31,27453.815,2.88
2023-06-01,27453.815,2.88
2023-06-02,27453.815,2.88
2023-06-03,27453.815,2.88
2023-06-04,27453.815,2.88
2023-06-05,27453.815,2.88
2023-06-06,27453.815,2.88
2023-06-07,27453.815,2.88
2023-06-08,27453.815,2.88
2023-06-09,27453.815,2.88
2023-06-10,27453.815,2.88
2023-06-11,27453.815,2.88
2023-06-12,27453.815,2.88
2023-06-13,27453.815,2.88
2023-06-14,27453.815,2.88
2023-06-15,27453.815,2.88
2023-06-16,27453.815,2.88
2023-06-17,27453.815,2.88
2023-06-18,27453.815,2.88
2023-06-19,27453.815,2.88
2023-06-20,27453.815,2.88
2023-06-21,27453.815,2.88
2023-06-22,27453.815,2.88
2023-06-23,27453.815,2.88
2023-06-24,27453.815,2.88
2023-06-25,27453.815,2.88
2023-06-26,27453.815,2.88
2023-06-27,27453.815,2.88
2023-06-28,27453.815,2.88
2023-06-29,27453.815,2.88
2023-06-30,27453.815,2.88
2023-07-01,27967.697,2.88
2023-07-02,27967.697,2.88
2023-07-03,27967.697,2.88
2023-07-04,27967.697,2.88
2023-07-05,27967.697,2.88
2023-07-06,27967.697,2.88
2023-07-07,27967.697,2.88
2023-07-08,27967.697,2.88
2023-07-09,27967.697,2.88
2023-07-10,27967.697,2.88
2023-07-11,27967.697,2.88
2023-07-12,27967.697,2.88
2023-07-13,27967.697,2.88
2023-07-14,27967.697,2.88
2023-07-15,27967.697,2.88
2023-07-16,27967.697,2.88
2023-07-17,27967.697,2.88
2023-07-18,27967.697,2.88
2023-07-19,27967.697,2.88
2023-07-20,27967.697,2.88
2023-07-21,27967.697,2.88
2023-07-22,27967.697,2.88
2023-07-23,27967.697,2.88
2023-07-24,27967.697,2.88
2023-07-25,27967.697,2.88
2023-07-26,27967.697,2.88
2023-07-27,27967.697,2.88
2023-07-28,27967.697,2.88
2023-07-29,27967.697,2.88
2023-07-30,27967.697,2.88
2023-07-31,27967.697,2.88
2023-08-01,27967.697,2.88
2023-08-02,27967.697,2.88
2023-08-03,27967.697,2.88
2023-08-04,27967.697,2.88
2023-08-05,27967.697,2.88
2023-08-06,27967.697,2.88
2023-08-07,27967.697,2.88
2023-08-08,27967.697,2.88
2023-08-09,27967.697,2.88
2023-08-10,27967.697,2.88
2023-08-11,27967.697,2.88
2023-08-12,27967.697,2.88
2023-08-13,27967.697,2.88
2023-08-14,27967.697,2.88
2023-08-15,27967.697,2.88
2023-08-16,27967.697,2.88
2023-08-17,27967.697,2.88
2023-08-18,27967.697,2.88
2023-08-19,27967.697,2.88
2023-08-20,27967.697,2.88
2023-08-21,27967.697,2.88
2023-08-22,27967.697,2.88
2023-08-23,27967.697,2.88
2023-08-24,27967.697,2.88
2023-08-25,27967.697,2.88
2023-08-26,27967.697,2.88
2023-08-27,27967.697,2.88
2023-08-28,27967.697,2.88
2023-08-29,27967.697,2.88
2023-08-30,27967.697,2.88
2023-08-31,27967.697,2.88
2023-09-01,27967.697,2.88
2023-09-02,27967.697,2.88
2023-09-03,27967.697,2.88
2023-09-04,27967.697,2.88
2023-09-05,27967.697,2.88
2023-09-06,27967.697,2.88
2023-09-07,27967.697,2.88
2023-09-08,27967.697,2.88
2023-09-09,27967.697,2.88
2023-09-10,27967.697,2.88
2023-09-11,27967.697,2.88
2023-09-12,27967.697,2.88
2023-09-13,27967.697,2.88
2023-09-14,27967.697,2.88
2023-09-15,27967.697,2.88
2023-09-16,27967.697,2.88
2023-09-17,27967.697,2.88
2023-09-18,27967.697,2.88
2023-09-19,27967.697,2.88
2023-09-20,27967.697,2.88
2023-09-21,27967.697,2.88
2023-09-22,27967.697,2.88
2023-09-23,27967.697,2.88
2023-09-24,27967.697,2.88
2023-09-25,27967.697,2.88
2023-09-26,27967.697,2.88
2023-09-27,27967.697,2.88
2023-09-28,27967.697,2.88
2023-09-29,27967.697,2.88
2023-09-30,27967.697,2.88
2023-10-01,28296.967,2.88
2023-10-02,28296.967,2.88
2023-10-03,28296.967,2.88
2023-10-04,28296.967,2.88
2023-10-05,28296.967,2.88
2023-10-06,28296.967,2.88
2023-10-07,28296.967,2.88
2023-10-08,28296.967,2.88
2023-10-09,28296.967,2.88
2023-10-10,28296.967,2.88
2023-10-11,28296.967,2.88
2023-10-12,28296.967,2.88
2023-10-13,28296.967,2.88
2023-10-14,28296.967,2.88
2023-10-15,28296.967,2.88
2023-10-16,28296.967,2.88
2023-10-17,28296.967,2.88
2023-10-18,28296.967,2.88
2023-10-19,28296.967,2.88
2023-10-20,28296.967,2.88
2023-10-21,28296.967,2.88
2023-10-22,28296.967,2.88
2023-10-23,28296.967,2.88
2023-10-24,28296.967,2.88
2023-10-25,28296.967,2.88
2023-10-26,28296.967,2.88
2023-10-27,28296.967,2.88
2023-10-28,28296.967,2.88
2023-10-29,28296.967,2.88
2023-10-30,28296.967,2.88
2023-10-31,28296.967,2.88
2023-11-01,28296.967,2.88
2023-11-02,28296.967,2.88
2023-11-03,28296.967,2.88
2023-11-04,28296.967,2.88
2023-11-05,28296.967,2.88
2023-11-06,28296.967,2.88
2023-11-07,28296.967,2.88
2023-11-08,28296.967,2.88
2023-11-09,28296.967,2.88
2023-11-10,28296.967,2.88
2023-11-11,28296.967,2.88
2023-11-12,28296.967,2.88
2023-11-13,28296.967,2.88
2023-11-14,28296.967,2.88
2023-11-15,28296.967,2.88
2023-11-16,28296.967,2.88
2023-11-17,28296.967,2.88
2023-11-18,28296.967,2.88
2023-11-19,28296.967,2.88
2023-11-20,28296.967,2.88
2023-11-21,28296.967,2.88
2023-11-22,28296.967,2.88
2023-11-23,28296.967,2.88
2023-11-24,28296.967,2.88
2023-11-25,28296.967,2.88
2023-11-26,28296.967,2.88
2023-11-27,28296.967,2.88
2023-11-28,28296.967,2.88
2023-11-29,28296.967,2.88
2023-11-30,28296.967,2.88
2023-12-01,28296.967,2.88
2023-12-02,28296.967,2.88
2023-12-03,28296.967,2.88
2023-12-04,28296.967,2.88
2023-12-05,28296.967,2.88
2023-12-06,28296.967,2.88
2023-12-07,28296.967,2.88
2023-12-08,28296.967,2.88
2023-12-09,28296.967,2.88
2023-12-10,28296.967,2.88
2023-12-11,28296.967,2.88
2023-12-12,28296.967,2.88
2023-12-13,28296.967,2.88
2023-12-14,28296.967,2.88
2023-12-15,28296.967,2.88
2023-12-16,28296.967,2.88
2023-12-17,28296.967,2.88
2023-12-18,28296.967,2.88
2023-12-19,28296.967,2.88
2023-12-20,28296.967,2.88
2023-12-21,28296.967,2.88
2023-12-22,28296.967,2.88
2023-12-23,28296.967,2.88
2023-12-24,28296.967,2.88
2023-12-25,28296.967,2.88
2023-12-26,28296.967,2.88
2023-12-27,28296.967,2.88
2023-12-28,28296.967,2.88
2023-12-29,28296.967,2.88
2023-12-30,28296.967,2.88
2023-12-31,28296.967,2.88
2024-01-01,28624.069,2.88
2024-01-02,28624.069,2.88
2024-01-03,28624.069,2.88
2024-01-04,28624.069,2.88
2024-01-05,28624.069,2.88
2024-01-06,28624.069,2.88
2024-01-07,28624.069,2.88
2024-01-08,28624.069,2.88
2024-01-09,28624.069,2.88
2024-01-10,28624.069,2.88
2024-01-11,28624.069,2.88
2024-01-12,28624.069,2.88
2024-01-13,28624.069,2.88
2024-01-14,28624.069,2.88
2024-01-15,28624.069,2.88
2024-01-16,28624.069,2.88
2024-01-17,28624.069,2.88
2024-01-18,28624.069,2.88
2024-01-19,28624.069,2.88
2024-01-20,28624.069,2.88
2024-01-21,28624.069,2.88
2024-01-22,28624.069,2.88
2024-01-23,28624.069,2.88
2024-01-24,28624.069,2.88
2024-01-25,28624.069,2.88
2024-01-26,28624.069,2.88
2024-01-27,28624.069,2.88
2024-01-28,28624.069,2.88
2024-01-29,28624.069,2.88
2024-01-30,28624.069,2.88
2024-01-31,28624.069,2.88
2024-02-01,28624.069,2.88
2024-02-02,28624.069,2.88
2024-02-03,28624.069,2.88
2024-02-04,28624.069,2.88
2024-02-05,28624.069,2.88
2024-02-06,28624.069,2.88
2024-02-07,28624.069,2.88
2024-02-08,28624.069,2.88
2024-02-09,28624.069,2.88
2024-02-10,28624.069,2.88
2024-02-11,28624.069,2.88
2024-02-12,28624.069,2.88
2024-02-13,28624.069,2.88
2024-02-14,28624.069,2.88
2024-02-15,28624.069,2.88
2024-02-16,28624.069,2.88
2024-02-17,28624.069,2.88
2024-02-18,28624.069,2.88
2024-02-19,28624.069,2.88
2024-02-20,28624.069,2.88
2024-02-21,28624.069,2.88
2024-02-22,28624.069,2.88
2024-02-23,28624.069,2.88
2024-02-24,28624.069,2.88
2024-02-25,28624.069,2.88
2024-02-26,28624.069,2.88
2024-02-27,28624.069,2.88
2024-02-28,28624.069,2.88
2024-02-29,28624.069,2.88
2024-03-01,28624.069,2.88
2024-03-02,28624.069,2.88
2024-03-03,28624.069,2.88
2024-03-04,28624.069,2.88
2024-03-05,28624.069,2.88
2024-03-06,28624.069,2.88
2024-03-07,28624.069,2.88
2024-03-08,28624.069,2.88
2024-03-09,28624.069,2.88
2024-03-10,28624.069,2.88
2024-03-11,28624.069,2.88
2024-03-12,28624.069,2.88
2024-03-13,28624.069,2.88
2024-03-14,28624.069,2.88
2024-03-15,28624.069,2.88
2024-03-16,28624.069,2.88
2024-03-17,28624.069,2.88
2024-03-18,28624.069,2.88
2024-03-19,28624.069,2.88
2024-03-20,28624.069,2.88
2024-03-21,28624.069,2.88
2024-03-22,28624.069,2.88
2024-03-23,28624.069,2.88
2024-03-24,28624.069,2.88
2024-03-25,28624.069,2.88
2024-03-26,28624.069,2.88
2024-03-27,28624.069,2.88
2024-03-28,28624.069,2.88
2024-03-29,28624.069,2.88
2024-03-30,28624.069,2.88
2024-03-31,28624.069,2.88
2024-04-01,29016.714,4.33
2024-04-02,29016.714,4.33
2024-04-03,29016.714,4.33
2024-04-04,29016.714,4.33
2024-04-05,29016.714,4.33
2024-04-06,29016.714,4.33
2024-04-07,29016.714,4.33
2024-04-08,29016.714,4.33
2024-04-09,29016.714,4.33
2024-04-10,29016.714,4.33
2024-04-11,29016.714,4.33
2024-04-12,29016.714,4.33
2024-04-13,29016.714,4.33
2024-04-14,29016.714,4.33
2024-04-15,29016.714,4.33
2024-04-16,29016.714,4.33
2024-04-17,29016.714,4.33
2024-04-18,29016.714,4.33
2024-04-19,29016.714,4.33
2024-04-20,29016.714,4.33
2024-04-21,29016.714,4.33
2024-04-22,29016.714,4.33
2024-04-23,29016.714,4.33
2024-04-24,29016.714,4.33
2024-04-25,29016.714,4.33
2024-04-26,29016.714,4.33
2024-04-27,29016.714,4.33
2024-04-28,29016.714,4.33
2024-04-29,29016.714,4.33
2024-04-30,29016.714,4.33
2024-05-01,29016.714,4.33
2024-05-02,29016.714,4.33
2024-05-03,29016.714,4.33
2024-05-04,29016.714,4.33
2024-05-05,29016.714,4.33
2024-05-06,29016.714,4.33
2024-05-07,29016.714,4.33
2024-05-08,29016.714,4.33
2024-05-09,29016.714,4.33
2024-05-10,29016.714,4.33
2024-05-11,29016.714,4.33
2024-05-12,29016.714,4.33
2024-05-13,29016.714,4.33
2024-05-14,29016.714,4.33
2024-05-15,29016.714,4.33
2024-05-16,29016.714,4.33
2024-05-17,29016.714,4.33
2024-05-18,29016.714,4.33
2024-05-19,29016.714,4.33
2024-05-20,29016.714,4.33
2024-05-21,29016.714,4.33
2024-05-22,29016.714,4.33
2024-05-23,29016.714,4.33
2024-05-24,29016.714,4.33
2024-05-25,29016.714,4.33
2024-05-26,29016.714,4.33
2024-05-27,29016.714,4.33
2024-05-28,29016.714,4.33
2024-05-29,29016.714,4.33
2024-05-30,29016.714,4.33
2024-05-31,29016.714,4.33
2024-06-01,29016.714,4.33
2024-06-02,29016.714,4.33
2024-06-03,29016.714,4.33
2024-06-04,29016.714,4.33
2024-06-05,29016.714,4.33
2024-06-06,29016.714,4.33
2024-06-07,29016.714,4.33
2024-06-08,29016.714,4.33
2024-06-09,29016.714,4.33
2024-06-10,29016.714,4.33
2024-06-11,29016.714,4.33
2024-06-12,29016.714,4.33
2024-06-13,29016.714,4.33
2024-06-14,29016.714,4.33
2024-06-15,29016.714,4.33
2024-06-16,29016.714,4.33
2024-06-17,29016.714,4.33
2024-06-18,29016.714,4.33
2024-06-19,29016.714,4.33
2024-06-20,29016.714,4.33
2024-06-21,29016.714,4.33
2024-06-22,29016.714,4.33
2024-06-23,29016.714,4.33
2024-06-24,29016.714,4.33
2024-06-25,29016.714,4.33
2024-06-26,29016.714,4.33
2024-06-27,29016.714,4.33
2024-06-28,29016.714,4.33
2024-06-29,29016.714,4.33
2024-06-30,29016.714,4.33
2024-07-01,29374.914,4.48
